{
  "total_images": 9,
  "processed_images": 9,
  "average_accuracy": {
    "openai": 66.44358477014303,
    "gemini": 77.89979172939879
  },
  "accuracy_by_image": {
    "dataset/1": {
      "openai": 0,
      "gemini": 85.71428571428572
    },
    "dataset/100": {
      "openai": 78.04878048780488,
      "gemini": 82.92682926829268
    },
    "dataset/101": {
      "openai": 62.5,
      "gemini": 71.875
    },
    "dataset/102": {
      "openai": 79.62962962962963,
      "gemini": 92.5925925925926
    },
    "dataset/103": {
      "openai": 100.0,
      "gemini": 100.0
    },
    "dataset/104": {
      "openai": 95.23809523809524,
      "gemini": 97.61904761904762
    },
    "dataset/11": {
      "openai": 81.48148148148148,
      "gemini": 85.18518518518519
    },
    "dataset/12": {
      "openai": 85.18518518518519,
      "gemini": 85.18518518518519
    },
    "dataset/3": {
      "openai": 15.909090909090907,
      "gemini": 0
    }
  }
}